Name of Student,GENERAL APPEARANCE,MANNER OF SPEAKING,PHYSICAL CONDITION,MENTAL ALERTNESS,SELF-CONFIDENCE,ABILITY TO PRESENT IDEAS,COMMUNICATION SKILLS,Student Performance Rating,CLASS
Student 1,4,5,4,5,5,5,5,5,Employable
Student 2,4,4,4,4,4,4,3,5,Employable
Student 3,4,3,3,3,3,3,2,5,LessEmployable
Student 4,3,3,3,2,3,3,3,5,LessEmployable
Student 5,4,4,3,3,4,4,3,5,Employable
Student 6,4,4,3,3,3,3,3,5,Employable
Student 7,4,4,4,3,3,3,3,3,Employable
Student 8,5,3,3,4,3,3,3,5,Employable
Student 9,4,4,4,4,4,4,4,5,Employable
Student 10,4,4,3,4,3,4,4,5,Employable
Student 11,5,5,5,5,5,5,4,5,LessEmployable
Student 12,3,4,4,4,3,4,4,5,Employable
Student 13,4,3,3,2,3,3,2,5,LessEmployable
Student 14,3,3,3,3,3,2,2,4,LessEmployable
Student 15,4,4,3,4,4,4,3,5,LessEmployable
Student 16,3,3,3,3,3,3,3,4,LessEmployable
Student 17,5,3,3,3,3,3,3,4,LessEmployable
Student 18,4,4,4,4,4,4,4,5,LessEmployable
Student 19,4,4,4,5,5,4,4,5,LessEmployable
Student 20,4,3,3,4,5,4,3,5,LessEmployable
Student 21,5,4,5,4,4,4,4,5,Employable
Student 22,5,4,4,4,4,4,4,3,Employable
Student 23,5,4,5,5,5,5,4,5,Employable
Student 24,4,3,3,3,5,3,3,3,LessEmployable
Student 25,5,5,5,5,5,4,4,4,Employable
Student 26,5,5,4,4,5,5,4,3,Employable
Student 27,4,4,4,4,3,3,3,3,LessEmployable
Student 28,5,5,5,5,5,4,4,3,Employable
Student 29,5,4,4,4,4,5,4,5,Employable
Student 30,5,5,5,5,5,5,4,5,Employable
Student 31,4,3,4,4,3,4,3,5,LessEmployable
Student 32,4,3,4,4,3,3,3,3,LessEmployable
Student 33,5,5,4,5,5,4,4,5,LessEmployable
Student 34,4,4,4,5,5,4,3,5,LessEmployable
Student 35,5,4,5,5,5,5,5,5,Employable
Student 36,5,3,3,4,5,3,3,3,Employable
Student 37,5,5,5,5,4,5,4,5,Employable
Student 38,5,5,4,5,4,5,5,5,Employable
Student 39,4,4,3,3,3,4,4,3,LessEmployable
Student 40,5,5,5,5,5,4,4,5,Employable
Student 41,5,5,5,5,5,4,4,5,Employable
Student 42,5,4,5,5,5,4,4,3,Employable
Student 43,5,4,5,5,5,4,4,5,Employable
Student 44,4,3,4,3,4,3,3,5,LessEmployable
Student 45,5,4,5,5,4,4,4,5,LessEmployable
Student 46,5,3,4,4,3,4,3,5,LessEmployable
Student 47,5,3,3,3,4,3,3,3,LessEmployable
Student 48,5,4,5,5,5,4,4,5,Employable
Student 49,5,5,5,5,5,4,4,3,Employable
Student 50,5,4,5,5,5,4,4,5,Employable
Student 51,5,5,5,5,5,5,4,5,Employable
Student 52,5,4,5,5,5,4,4,5,Employable
Student 53,5,5,5,5,5,5,4,5,Employable
Student 54,5,4,5,5,4,4,4,3,Employable
Student 55,5,3,4,4,4,4,3,5,LessEmployable
Student 56,4,4,4,4,3,4,4,5,LessEmployable
Student 57,5,4,5,5,5,4,4,4,Employable
Student 58,4,5,4,4,4,5,4,5,Employable
Student 59,4,3,3,3,3,3,3,5,Employable
Student 60,4,4,4,4,5,4,4,5,LessEmployable
Student 61,3,3,3,4,3,3,3,5,Employable
Student 62,4,4,4,3,3,3,3,5,Employable
Student 63,4,4,4,3,4,3,3,4,LessEmployable
Student 64,4,4,4,4,4,4,4,4,Employable
Student 65,3,3,3,4,3,3,3,5,Employable
Student 66,5,5,3,5,3,5,5,5,Employable
Student 67,4,4,4,4,4,4,4,5,Employable
Student 68,4,5,5,5,5,5,5,5,Employable
Student 69,4,4,4,4,4,4,4,4,Employable
Student 70,4,3,3,3,3,3,3,5,Employable
Student 71,3,4,3,4,3,4,3,5,Employable
Student 72,4,4,4,4,4,4,4,5,LessEmployable
Student 73,4,3,3,3,4,3,4,5,LessEmployable
Student 74,4,4,4,4,3,4,3,4,Employable
Student 75,3,4,4,4,3,4,3,5,Employable
Student 76,5,4,4,4,4,4,4,5,Employable
Student 77,4,4,4,3,3,4,4,5,Employable
Student 78,3,4,4,3,4,4,3,5,LessEmployable
Student 79,4,3,2,3,2,2,3,5,Employable
Student 80,4,3,4,3,4,3,3,4,Employable
Student 81,4,4,3,4,3,4,3,5,LessEmployable
Student 82,4,4,4,4,3,3,3,5,Employable
Student 83,5,3,3,4,3,3,3,4,LessEmployable
Student 84,4,3,3,3,3,3,2,5,Employable
Student 85,3,4,4,4,4,4,4,5,Employable
Student 86,4,5,4,5,4,4,4,5,Employable
Student 87,4,4,4,3,4,4,3,5,LessEmployable
Student 88,4,4,4,4,3,4,4,5,Employable
Student 89,5,5,5,5,5,5,4,5,Employable
Student 90,3,3,3,3,3,2,2,4,Employable
Student 91,4,4,4,4,4,4,3,5,LessEmployable
Student 92,4,4,4,4,4,4,4,5,LessEmployable
Student 93,4,3,3,3,3,3,2,5,Employable
Student 94,5,4,4,4,4,4,4,4,Employable
Student 95,3,3,3,3,3,3,3,5,LessEmployable
Student 96,4,3,4,3,3,3,3,5,Employable
Student 97,4,3,4,3,3,3,2,5,Employable
Student 98,2,2,3,3,3,3,3,5,LessEmployable
Student 99,4,4,3,4,3,4,3,4,LessEmployable
Student 100,4,4,4,3,3,4,3,5,Employable
Student 101,4,4,5,4,4,4,4,5,LessEmployable
Student 102,5,4,4,4,4,3,3,5,LessEmployable
Student 103,4,4,4,4,3,4,3,5,LessEmployable
Student 104,4,4,4,4,4,4,4,5,LessEmployable
Student 105,4,5,4,4,4,4,4,5,LessEmployable
Student 106,5,5,4,5,5,5,5,5,Employable
Student 107,4,4,4,4,4,4,4,5,Employable
Student 108,5,4,4,4,4,4,3,4,LessEmployable
Student 109,5,4,4,4,4,4,3,3,LessEmployable
Student 110,5,5,4,4,5,4,5,3,LessEmployable
Student 111,5,4,4,4,4,4,3,5,Employable
Student 112,5,4,4,4,4,4,3,5,Employable
Student 113,5,5,4,4,5,4,4,5,Employable
Student 114,4,3,4,4,4,3,3,4,Employable
Student 115,5,4,3,3,3,4,4,5,LessEmployable
Student 116,5,5,5,5,5,5,5,5,Employable
Student 117,5,4,5,5,5,5,4,5,Employable
Student 118,5,4,5,5,5,5,4,5,Employable
Student 119,5,3,5,4,4,3,3,5,Employable
Student 120,5,4,5,5,5,4,4,4,Employable
Student 121,5,3,5,4,4,4,3,4,LessEmployable
Student 122,5,5,5,5,5,4,3,4,Employable
Student 123,5,5,5,5,5,5,3,5,Employable
Student 124,5,4,4,4,4,4,4,5,LessEmployable
Student 125,4,3,4,4,4,3,3,5,LessEmployable
Student 126,4,4,4,4,4,4,3,5,LessEmployable
Student 127,4,4,5,4,4,4,3,5,LessEmployable
Student 128,5,3,5,4,5,5,3,5,Employable
Student 129,5,3,3,3,3,3,2,5,Employable
Student 130,4,3,4,3,4,3,4,4,Employable
Student 131,4,3,4,4,4,3,3,3,Employable
Student 132,4,3,3,2,3,2,3,4,Employable
Student 133,5,5,5,5,5,5,4,5,LessEmployable
Student 134,4,3,4,3,4,3,4,5,LessEmployable
Student 135,3,3,4,4,4,3,3,4,LessEmployable
Student 136,4,3,4,4,4,3,3,5,Employable
Student 137,4,4,4,4,4,3,3,5,Employable
Student 138,4,4,5,5,4,5,5,5,LessEmployable
Student 139,4,5,5,5,5,4,5,5,Employable
Student 140,4,5,5,5,5,4,5,5,Employable
Student 141,4,4,3,4,4,4,4,5,LessEmployable
Student 142,4,3,4,4,4,3,3,4,LessEmployable
Student 143,4,3,4,4,3,4,4,5,LessEmployable
Student 144,3,3,4,4,4,4,4,5,LessEmployable
Student 145,5,4,4,4,5,4,5,5,LessEmployable
Student 146,3,3,3,3,4,3,3,3,Employable
Student 147,3,3,4,3,4,3,3,3,Employable
Student 148,3,4,3,4,3,4,3,5,Employable
Student 149,4,4,4,3,4,4,3,4,LessEmployable
Student 150,5,4,4,3,3,4,4,4,LessEmployable
Student 151,4,3,2,4,3,4,3,5,LessEmployable
Student 152,5,5,5,4,5,4,5,5,LessEmployable
Student 153,4,2,4,4,3,3,3,5,LessEmployable
Student 154,5,5,5,5,5,5,5,5,LessEmployable
Student 155,4,3,3,4,3,3,3,3,Employable
Student 156,5,4,3,3,3,3,2,3,LessEmployable
Student 157,5,5,5,5,5,4,5,5,Employable
Student 158,4,5,5,5,5,5,5,3,LessEmployable
Student 159,4,5,5,3,3,5,3,5,LessEmployable
Student 160,4,5,3,5,5,5,3,5,Employable
Student 161,3,5,5,3,5,5,3,5,Employable
Student 162,3,3,3,3,3,3,3,5,Employable
Student 163,4,3,4,4,4,3,3,5,Employable
Student 164,4,3,4,2,2,2,2,5,LessEmployable
Student 165,3,2,3,3,3,3,3,5,LessEmployable
Student 166,5,5,4,5,4,5,4,5,LessEmployable
Student 167,3,4,3,4,3,4,3,5,Employable
Student 168,4,3,3,3,3,3,3,5,Employable
Student 169,5,4,4,4,4,4,4,5,Employable
Student 170,4,4,4,4,4,4,4,4,Employable
Student 171,4,4,4,4,3,3,3,5,LessEmployable
Student 172,5,4,5,5,5,5,4,5,LessEmployable
Student 173,3,4,3,3,3,3,3,5,LessEmployable
Student 174,4,3,3,3,3,3,3,5,Employable
Student 175,4,5,4,4,4,4,4,5,LessEmployable
Student 176,5,4,4,4,4,4,4,5,Employable
Student 177,5,5,4,5,4,4,5,4,Employable
Student 178,4,4,4,4,5,5,5,3,Employable
Student 179,4,3,3,4,3,3,3,5,LessEmployable
Student 180,4,5,5,5,4,4,4,5,Employable
Student 181,4,4,4,3,3,4,3,5,Employable
Student 182,4,4,4,3,3,4,3,5,Employable
Student 183,4,5,4,5,5,5,5,5,Employable
Student 184,4,4,4,4,4,4,3,5,Employable
Student 185,4,3,3,3,3,3,2,5,LessEmployable
Student 186,3,3,3,2,3,3,3,5,LessEmployable
Student 187,4,4,3,3,4,4,3,5,Employable
Student 188,4,4,3,3,3,3,3,5,Employable
Student 189,4,4,4,3,3,3,3,3,Employable
Student 190,5,3,3,4,3,3,3,5,Employable
Student 191,4,4,4,4,4,4,4,5,Employable
Student 192,4,4,3,4,3,4,4,5,Employable
Student 193,5,5,5,5,5,5,4,5,LessEmployable
Student 194,3,4,4,4,3,4,4,5,Employable
Student 195,4,3,3,2,3,3,2,5,LessEmployable
Student 196,3,3,3,3,3,2,2,4,LessEmployable
Student 197,4,4,3,4,4,4,3,5,LessEmployable
Student 198,3,3,3,3,3,3,3,4,LessEmployable
Student 199,5,3,3,3,3,3,3,4,LessEmployable
Student 200,4,4,4,4,4,4,4,5,LessEmployable
Student 201,4,4,4,5,5,4,4,5,LessEmployable
Student 202,4,3,3,4,5,4,3,5,LessEmployable
Student 203,5,4,5,4,4,4,4,5,Employable
Student 204,5,4,4,4,4,4,4,3,Employable
Student 205,5,4,5,5,5,5,4,5,Employable
Student 206,4,3,3,3,5,3,3,3,LessEmployable
Student 207,5,5,5,5,5,4,4,4,Employable
Student 208,5,5,4,4,5,5,4,3,Employable
Student 209,4,4,4,4,3,3,3,3,LessEmployable
Student 210,5,5,5,5,5,4,4,3,Employable
Student 211,5,4,4,4,4,5,4,5,Employable
Student 212,5,5,5,5,5,5,4,5,Employable
Student 213,4,3,4,4,3,4,3,5,LessEmployable
Student 214,4,3,4,4,3,3,3,3,LessEmployable
Student 215,5,5,4,5,5,4,4,5,LessEmployable
Student 216,4,4,4,5,5,4,3,5,LessEmployable
Student 217,5,4,5,5,5,5,5,5,Employable
Student 218,5,3,3,4,5,3,3,3,Employable
Student 219,5,5,5,5,4,5,4,5,Employable
Student 220,5,5,4,5,4,5,5,5,Employable
Student 221,4,4,3,3,3,4,4,3,LessEmployable
Student 222,5,5,5,5,5,4,4,5,Employable
Student 223,5,5,5,5,5,4,4,5,Employable
Student 224,5,4,5,5,5,4,4,3,Employable
Student 225,5,4,5,5,5,4,4,5,Employable
Student 226,4,3,4,3,4,3,3,5,LessEmployable
Student 227,5,4,5,5,4,4,4,5,LessEmployable
Student 228,5,3,4,4,3,4,3,5,LessEmployable
Student 229,5,3,3,3,4,3,3,3,LessEmployable
Student 230,5,4,5,5,5,4,4,5,Employable
Student 231,5,5,5,5,5,4,4,3,Employable
Student 232,5,4,5,5,5,4,4,5,Employable
Student 233,5,5,5,5,5,5,4,5,Employable
Student 234,5,4,5,5,5,4,4,5,Employable
Student 235,5,5,5,5,5,5,4,5,Employable
Student 236,5,4,5,5,4,4,4,3,Employable
Student 237,5,3,4,4,4,4,3,5,LessEmployable
Student 238,4,4,4,4,3,4,4,5,LessEmployable
Student 239,5,4,5,5,5,4,4,4,Employable
Student 240,4,5,4,4,4,5,4,5,Employable
Student 241,4,3,3,3,3,3,3,5,Employable
Student 242,4,4,4,4,5,4,4,5,LessEmployable
Student 243,3,3,3,4,3,3,3,5,Employable
Student 244,4,4,4,3,3,3,3,5,Employable
Student 245,4,4,4,3,4,3,3,4,LessEmployable
Student 246,4,4,4,4,4,4,4,4,Employable
Student 247,3,3,3,4,3,3,3,5,Employable
Student 248,5,5,3,5,3,5,5,5,Employable
Student 249,4,4,4,4,4,4,4,5,Employable
Student 250,4,5,5,5,5,5,5,5,Employable
Student 251,4,4,4,4,4,4,4,4,Employable
Student 252,4,3,3,3,3,3,3,5,Employable
Student 253,3,4,3,4,3,4,3,5,Employable
Student 254,4,4,4,4,4,4,4,5,LessEmployable
Student 255,4,3,3,3,4,3,4,5,LessEmployable
Student 256,4,4,4,4,3,4,3,4,Employable
Student 257,3,4,4,4,3,4,3,5,Employable
Student 258,5,4,4,4,4,4,4,5,Employable
Student 259,4,4,4,3,3,4,4,5,Employable
Student 260,3,4,4,3,4,4,3,5,LessEmployable
Student 261,4,3,2,3,2,2,3,5,Employable
Student 262,4,3,4,3,4,3,3,4,Employable
Student 263,4,4,3,4,3,4,3,5,LessEmployable
Student 264,4,4,4,4,3,3,3,5,Employable
Student 265,5,3,3,4,3,3,3,4,LessEmployable
Student 266,4,3,3,3,3,3,2,5,Employable
Student 267,3,4,4,4,4,4,4,5,Employable
Student 268,4,5,4,5,4,4,4,5,Employable
Student 269,4,4,4,3,4,4,3,5,LessEmployable
Student 270,4,4,4,4,3,4,4,5,Employable
Student 271,5,5,5,5,5,5,4,5,Employable
Student 272,3,3,3,3,3,2,2,4,Employable
Student 273,4,4,4,4,4,4,3,5,LessEmployable
Student 274,4,4,4,4,4,4,4,5,LessEmployable
Student 275,4,3,3,3,3,3,2,5,Employable
Student 276,5,4,4,4,4,4,4,4,Employable
Student 277,3,3,3,3,3,3,3,5,LessEmployable
Student 278,4,3,4,3,3,3,3,5,Employable
Student 279,4,3,4,3,3,3,2,5,Employable
Student 280,2,2,3,3,3,3,3,5,LessEmployable
Student 281,4,4,3,4,3,4,3,4,LessEmployable
Student 282,4,4,4,3,3,4,3,5,Employable
Student 283,4,4,5,4,4,4,4,5,LessEmployable
Student 284,5,4,4,4,4,3,3,5,LessEmployable
Student 285,4,4,4,4,3,4,3,5,LessEmployable
Student 286,4,4,4,4,4,4,4,5,LessEmployable
Student 287,4,5,4,4,4,4,4,5,LessEmployable
Student 288,5,5,4,5,5,5,5,5,Employable
Student 289,4,4,4,4,4,4,4,5,Employable
Student 290,5,4,4,4,4,4,3,4,LessEmployable
Student 291,5,4,4,4,4,4,3,3,LessEmployable
Student 292,5,5,4,4,5,4,5,3,LessEmployable
Student 293,5,4,4,4,4,4,3,5,Employable
Student 294,5,4,4,4,4,4,3,5,Employable
Student 295,5,5,4,4,5,4,4,5,Employable
Student 296,4,3,4,4,4,3,3,4,Employable
Student 297,5,4,3,3,3,4,4,5,LessEmployable
Student 298,5,5,5,5,5,5,5,5,Employable
Student 299,5,4,5,5,5,5,4,5,Employable
Student 300,5,4,5,5,5,5,4,5,Employable
Student 301,5,3,5,4,4,3,3,5,Employable
Student 302,5,4,5,5,5,4,4,4,Employable
Student 303,5,3,5,4,4,4,3,4,LessEmployable
Student 304,5,5,5,5,5,4,3,4,Employable
Student 305,5,5,5,5,5,5,3,5,Employable
Student 306,5,4,4,4,4,4,4,5,LessEmployable
Student 307,4,3,4,4,4,3,3,5,LessEmployable
Student 308,4,4,4,4,4,4,3,5,LessEmployable
Student 309,4,4,5,4,4,4,3,5,LessEmployable
Student 310,5,3,5,4,5,5,3,5,Employable
Student 311,5,3,3,3,3,3,2,5,Employable
Student 312,4,3,4,3,4,3,4,4,Employable
Student 313,4,3,4,4,4,3,3,3,Employable
Student 314,4,3,3,2,3,2,3,4,Employable
Student 315,5,5,5,5,5,5,4,5,LessEmployable
Student 316,4,3,4,3,4,3,4,5,LessEmployable
Student 317,3,3,4,4,4,3,3,4,LessEmployable
Student 318,4,3,4,4,4,3,3,5,Employable
Student 319,4,4,4,4,4,3,3,5,Employable
Student 320,4,4,5,5,4,5,5,5,LessEmployable
Student 321,4,5,5,5,5,4,5,5,Employable
Student 322,4,5,5,5,5,4,5,5,Employable
Student 323,4,4,3,4,4,4,4,5,LessEmployable
Student 324,4,3,4,4,4,3,3,4,LessEmployable
Student 325,4,3,4,4,3,4,4,5,LessEmployable
Student 326,3,3,4,4,4,4,4,5,LessEmployable
Student 327,5,4,4,4,5,4,5,5,LessEmployable
Student 328,3,3,3,3,4,3,3,3,Employable
Student 329,3,3,4,3,4,3,3,3,Employable
Student 330,3,4,3,4,3,4,3,5,Employable
Student 331,4,4,4,3,4,4,3,4,LessEmployable
Student 332,5,4,4,3,3,4,4,4,LessEmployable
Student 333,4,3,2,4,3,4,3,5,LessEmployable
Student 334,5,5,5,4,5,4,5,5,LessEmployable
Student 335,4,2,4,4,3,3,3,5,LessEmployable
Student 336,5,5,5,5,5,5,5,5,LessEmployable
Student 337,4,3,3,4,3,3,3,3,Employable
Student 338,5,4,3,3,3,3,2,3,LessEmployable
Student 339,5,5,5,5,5,4,5,5,Employable
Student 340,4,5,5,5,5,5,5,3,LessEmployable
Student 341,4,5,5,3,3,5,3,5,LessEmployable
Student 342,4,5,3,5,5,5,3,5,Employable
Student 343,3,5,5,3,5,5,3,5,Employable
Student 344,3,3,3,3,3,3,3,5,Employable
Student 345,4,3,4,4,4,3,3,5,Employable
Student 346,4,3,4,2,2,2,2,5,LessEmployable
Student 347,3,2,3,3,3,3,3,5,LessEmployable
Student 348,5,5,4,5,4,5,4,5,LessEmployable
Student 349,3,4,3,4,3,4,3,5,Employable
Student 350,4,3,3,3,3,3,3,5,Employable
Student 351,5,4,4,4,4,4,4,5,Employable
Student 352,4,4,4,4,4,4,4,4,Employable
Student 353,4,4,4,4,3,3,3,5,LessEmployable
Student 354,5,4,5,5,5,5,4,5,LessEmployable
Student 355,3,4,3,3,3,3,3,5,LessEmployable
Student 356,4,3,3,3,3,3,3,5,Employable
Student 357,4,5,4,4,4,4,4,5,LessEmployable
Student 358,5,4,4,4,4,4,4,5,Employable
Student 359,5,5,4,5,4,4,5,4,Employable
Student 360,4,4,4,4,5,5,5,3,Employable
Student 361,4,3,3,4,3,3,3,5,LessEmployable
Student 362,4,5,5,5,4,4,4,5,Employable
Student 363,4,4,4,3,3,4,3,5,Employable
Student 364,4,4,4,3,3,4,3,5,Employable
Student 365,4,5,4,5,5,5,5,5,Employable
Student 366,4,4,4,4,4,4,3,5,Employable
Student 367,4,3,3,3,3,3,2,5,LessEmployable
Student 368,3,3,3,2,3,3,3,5,LessEmployable
Student 369,4,4,3,3,4,4,3,5,Employable
Student 370,4,4,3,3,3,3,3,5,Employable
Student 371,4,4,4,3,3,3,3,3,Employable
Student 372,5,3,3,4,3,3,3,5,Employable
Student 373,4,4,4,4,4,4,4,5,Employable
Student 374,4,4,3,4,3,4,4,5,Employable
Student 375,5,5,5,5,5,5,4,5,LessEmployable
Student 376,3,4,4,4,3,4,4,5,Employable
Student 377,4,3,3,2,3,3,2,5,LessEmployable
Student 378,3,3,3,3,3,2,2,4,LessEmployable
Student 379,4,4,3,4,4,4,3,5,LessEmployable
Student 380,3,3,3,3,3,3,3,4,LessEmployable
Student 381,5,3,3,3,3,3,3,4,LessEmployable
Student 382,4,4,4,4,4,4,4,5,LessEmployable
Student 383,4,4,4,5,5,4,4,5,LessEmployable
Student 384,4,3,3,4,5,4,3,5,LessEmployable
Student 385,5,4,5,4,4,4,4,5,Employable
Student 386,5,4,4,4,4,4,4,3,Employable
Student 387,5,4,5,5,5,5,4,5,Employable
Student 388,4,3,3,3,5,3,3,3,LessEmployable
Student 389,5,5,5,5,5,4,4,4,Employable
Student 390,5,5,4,4,5,5,4,3,Employable
Student 391,4,4,4,4,3,3,3,3,LessEmployable
Student 392,5,5,5,5,5,4,4,3,Employable
Student 393,5,4,4,4,4,5,4,5,Employable
Student 394,5,5,5,5,5,5,4,5,Employable
Student 395,4,3,4,4,3,4,3,5,LessEmployable
Student 396,4,3,4,4,3,3,3,3,LessEmployable
Student 397,5,5,4,5,5,4,4,5,LessEmployable
Student 398,4,4,4,5,5,4,3,5,LessEmployable
Student 399,5,4,5,5,5,5,5,5,Employable
Student 400,5,3,3,4,5,3,3,3,Employable
Student 401,5,5,5,5,4,5,4,5,Employable
Student 402,5,5,4,5,4,5,5,5,Employable
Student 403,4,4,3,3,3,4,4,3,LessEmployable
Student 404,5,5,5,5,5,4,4,5,Employable
Student 405,5,5,5,5,5,4,4,5,Employable
Student 406,5,4,5,5,5,4,4,3,Employable
Student 407,5,4,5,5,5,4,4,5,Employable
Student 408,4,3,4,3,4,3,3,5,LessEmployable
Student 409,5,4,5,5,4,4,4,5,LessEmployable
Student 410,5,3,4,4,3,4,3,5,LessEmployable
Student 411,5,3,3,3,4,3,3,3,LessEmployable
Student 412,5,4,5,5,5,4,4,5,Employable
Student 413,5,5,5,5,5,4,4,3,Employable
Student 414,5,4,5,5,5,4,4,5,Employable
Student 415,5,5,5,5,5,5,4,5,Employable
Student 416,5,4,5,5,5,4,4,5,Employable
Student 417,5,5,5,5,5,5,4,5,Employable
Student 418,5,4,5,5,4,4,4,3,Employable
Student 419,5,3,4,4,4,4,3,5,LessEmployable
Student 420,4,4,4,4,3,4,4,5,LessEmployable
Student 421,5,4,5,5,5,4,4,4,Employable
Student 422,4,5,4,4,4,5,4,5,Employable
Student 423,4,3,3,3,3,3,3,5,Employable
Student 424,4,4,4,4,5,4,4,5,LessEmployable
Student 425,3,3,3,4,3,3,3,5,Employable
Student 426,4,4,4,3,3,3,3,5,Employable
Student 427,4,4,4,3,4,3,3,4,LessEmployable
Student 428,4,4,4,4,4,4,4,4,Employable
Student 429,3,3,3,4,3,3,3,5,Employable
Student 430,5,5,3,5,3,5,5,5,Employable
Student 431,4,4,4,4,4,4,4,5,Employable
Student 432,4,5,5,5,5,5,5,5,Employable
Student 433,4,4,4,4,4,4,4,4,Employable
Student 434,4,3,3,3,3,3,3,5,Employable
Student 435,3,4,3,4,3,4,3,5,Employable
Student 436,4,4,4,4,4,4,4,5,LessEmployable
Student 437,4,3,3,3,4,3,4,5,LessEmployable
Student 438,4,4,4,4,3,4,3,4,Employable
Student 439,3,4,4,4,3,4,3,5,Employable
Student 440,5,4,4,4,4,4,4,5,Employable
Student 441,4,4,4,3,3,4,4,5,Employable
Student 442,3,4,4,3,4,4,3,5,LessEmployable
Student 443,4,3,2,3,2,2,3,5,Employable
Student 444,4,3,4,3,4,3,3,4,Employable
Student 445,4,4,3,4,3,4,3,5,LessEmployable
Student 446,4,4,4,4,3,3,3,5,Employable
Student 447,5,3,3,4,3,3,3,4,LessEmployable
Student 448,4,3,3,3,3,3,2,5,Employable
Student 449,3,4,4,4,4,4,4,5,Employable
Student 450,4,5,4,5,4,4,4,5,Employable
Student 451,4,4,4,3,4,4,3,5,LessEmployable
Student 452,4,4,4,4,3,4,4,5,Employable
Student 453,5,5,5,5,5,5,4,5,Employable
Student 454,3,3,3,3,3,2,2,4,Employable
Student 455,4,4,4,4,4,4,3,5,LessEmployable
Student 456,4,4,4,4,4,4,4,5,LessEmployable
Student 457,4,3,3,3,3,3,2,5,Employable
Student 458,5,4,4,4,4,4,4,4,Employable
Student 459,3,3,3,3,3,3,3,5,LessEmployable
Student 460,4,3,4,3,3,3,3,5,Employable
Student 461,4,3,4,3,3,3,2,5,Employable
Student 462,2,2,3,3,3,3,3,5,LessEmployable
Student 463,4,4,3,4,3,4,3,4,LessEmployable
Student 464,4,4,4,3,3,4,3,5,Employable
Student 465,4,4,5,4,4,4,4,5,LessEmployable
Student 466,5,4,4,4,4,3,3,5,LessEmployable
Student 467,4,4,4,4,3,4,3,5,LessEmployable
Student 468,4,4,4,4,4,4,4,5,LessEmployable
Student 469,4,5,4,4,4,4,4,5,LessEmployable
Student 470,5,5,4,5,5,5,5,5,Employable
Student 471,4,4,4,4,4,4,4,5,Employable
Student 472,5,4,4,4,4,4,3,4,LessEmployable
Student 473,5,4,4,4,4,4,3,3,LessEmployable
Student 474,5,5,4,4,5,4,5,3,LessEmployable
Student 475,5,4,4,4,4,4,3,5,Employable
Student 476,5,4,4,4,4,4,3,5,Employable
Student 477,5,5,4,4,5,4,4,5,Employable
Student 478,4,3,4,4,4,3,3,4,Employable
Student 479,5,4,3,3,3,4,4,5,LessEmployable
Student 480,5,5,5,5,5,5,5,5,Employable
Student 481,5,4,5,5,5,5,4,5,Employable
Student 482,5,4,5,5,5,5,4,5,Employable
Student 483,5,3,5,4,4,3,3,5,Employable
Student 484,5,4,5,5,5,4,4,4,Employable
Student 485,5,3,5,4,4,4,3,4,LessEmployable
Student 486,5,5,5,5,5,4,3,4,Employable
Student 487,5,5,5,5,5,5,3,5,Employable
Student 488,5,4,4,4,4,4,4,5,LessEmployable
Student 489,4,3,4,4,4,3,3,5,LessEmployable
Student 490,4,4,4,4,4,4,3,5,LessEmployable
Student 491,4,4,5,4,4,4,3,5,LessEmployable
Student 492,5,3,5,4,5,5,3,5,Employable
Student 493,5,3,3,3,3,3,2,5,Employable
Student 494,4,3,4,3,4,3,4,4,Employable
Student 495,4,3,4,4,4,3,3,3,Employable
Student 496,4,3,3,2,3,2,3,4,Employable
Student 497,5,5,5,5,5,5,4,5,LessEmployable
Student 498,4,3,4,3,4,3,4,5,LessEmployable
Student 499,3,3,4,4,4,3,3,4,LessEmployable
Student 500,4,3,4,4,4,3,3,5,Employable
Student 501,4,4,4,4,4,3,3,5,Employable
Student 502,4,4,5,5,4,5,5,5,LessEmployable
Student 503,4,5,5,5,5,4,5,5,Employable
Student 504,4,5,5,5,5,4,5,5,Employable
Student 505,4,4,3,4,4,4,4,5,LessEmployable
Student 506,4,3,4,4,4,3,3,4,LessEmployable
Student 507,4,3,4,4,3,4,4,5,LessEmployable
Student 508,3,3,4,4,4,4,4,5,LessEmployable
Student 509,5,4,4,4,5,4,5,5,LessEmployable
Student 510,3,3,3,3,4,3,3,3,Employable
Student 511,3,3,4,3,4,3,3,3,Employable
Student 512,3,4,3,4,3,4,3,5,Employable
Student 513,4,4,4,3,4,4,3,4,LessEmployable
Student 514,5,4,4,3,3,4,4,4,LessEmployable
Student 515,4,3,2,4,3,4,3,5,LessEmployable
Student 516,5,5,5,4,5,4,5,5,LessEmployable
Student 517,4,2,4,4,3,3,3,5,LessEmployable
Student 518,5,5,5,5,5,5,5,5,LessEmployable
Student 519,4,3,3,4,3,3,3,3,Employable
Student 520,5,4,3,3,3,3,2,3,LessEmployable
Student 521,5,5,5,5,5,4,5,5,Employable
Student 522,4,5,5,5,5,5,5,3,LessEmployable
Student 523,4,5,5,3,3,5,3,5,LessEmployable
Student 524,4,5,3,5,5,5,3,5,Employable
Student 525,3,5,5,3,5,5,3,5,Employable
Student 526,3,3,3,3,3,3,3,5,Employable
Student 527,4,3,4,4,4,3,3,5,Employable
Student 528,4,3,4,2,2,2,2,5,LessEmployable
Student 529,3,2,3,3,3,3,3,5,LessEmployable
Student 530,5,5,4,5,4,5,4,5,LessEmployable
Student 531,3,4,3,4,3,4,3,5,Employable
Student 532,4,3,3,3,3,3,3,5,Employable
Student 533,5,4,4,4,4,4,4,5,Employable
Student 534,4,4,4,4,4,4,4,4,Employable
Student 535,4,4,4,4,3,3,3,5,LessEmployable
Student 536,5,4,5,5,5,5,4,5,LessEmployable
Student 537,3,4,3,3,3,3,3,5,LessEmployable
Student 538,4,3,3,3,3,3,3,5,Employable
Student 539,4,5,4,4,4,4,4,5,LessEmployable
Student 540,5,4,4,4,4,4,4,5,Employable
Student 541,5,5,4,5,4,4,5,4,Employable
Student 542,4,4,4,4,5,5,5,3,Employable
Student 543,4,3,3,4,3,3,3,5,LessEmployable
Student 544,4,5,5,5,4,4,4,5,Employable
Student 545,4,4,4,3,3,4,3,5,Employable
Student 546,4,4,4,3,3,4,3,5,Employable
Student 547,4,5,4,5,5,5,5,5,Employable
Student 548,4,4,4,4,4,4,3,5,Employable
Student 549,4,3,3,3,3,3,2,5,LessEmployable
Student 550,3,3,3,2,3,3,3,5,LessEmployable
Student 551,4,4,3,3,4,4,3,5,Employable
Student 552,4,4,3,3,3,3,3,5,Employable
Student 553,4,4,4,3,3,3,3,3,Employable
Student 554,5,3,3,4,3,3,3,5,Employable
Student 555,4,4,4,4,4,4,4,5,Employable
Student 556,4,4,3,4,3,4,4,5,Employable
Student 557,5,5,5,5,5,5,4,5,LessEmployable
Student 558,3,4,4,4,3,4,4,5,Employable
Student 559,4,3,3,2,3,3,2,5,LessEmployable
Student 560,3,3,3,3,3,2,2,4,LessEmployable
Student 561,4,4,3,4,4,4,3,5,LessEmployable
Student 562,3,3,3,3,3,3,3,4,LessEmployable
Student 563,5,3,3,3,3,3,3,4,LessEmployable
Student 564,4,4,4,4,4,4,4,5,LessEmployable
Student 565,4,4,4,5,5,4,4,5,LessEmployable
Student 566,4,3,3,4,5,4,3,5,LessEmployable
Student 567,5,4,5,4,4,4,4,5,Employable
Student 568,5,4,4,4,4,4,4,3,Employable
Student 569,5,4,5,5,5,5,4,5,Employable
Student 570,4,3,3,3,5,3,3,3,LessEmployable
Student 571,5,5,5,5,5,4,4,4,Employable
Student 572,5,5,4,4,5,5,4,3,Employable
Student 573,4,4,4,4,3,3,3,3,LessEmployable
Student 574,5,5,5,5,5,4,4,3,Employable
Student 575,5,4,4,4,4,5,4,5,Employable
Student 576,5,5,5,5,5,5,4,5,Employable
Student 577,4,3,4,4,3,4,3,5,LessEmployable
Student 578,4,3,4,4,3,3,3,3,LessEmployable
Student 579,5,5,4,5,5,4,4,5,LessEmployable
Student 580,4,4,4,5,5,4,3,5,LessEmployable
Student 581,5,4,5,5,5,5,5,5,Employable
Student 582,5,3,3,4,5,3,3,3,Employable
Student 583,5,5,5,5,4,5,4,5,Employable
Student 584,5,5,4,5,4,5,5,5,Employable
Student 585,4,4,3,3,3,4,4,3,LessEmployable
Student 586,5,5,5,5,5,4,4,5,Employable
Student 587,5,5,5,5,5,4,4,5,Employable
Student 588,5,4,5,5,5,4,4,3,Employable
Student 589,5,4,5,5,5,4,4,5,Employable
Student 590,4,3,4,3,4,3,3,5,LessEmployable
Student 591,5,4,5,5,4,4,4,5,LessEmployable
Student 592,5,3,4,4,3,4,3,5,LessEmployable
Student 593,5,3,3,3,4,3,3,3,LessEmployable
Student 594,5,4,5,5,5,4,4,5,Employable
Student 595,5,5,5,5,5,4,4,3,Employable
Student 596,5,4,5,5,5,4,4,5,Employable
Student 597,5,5,5,5,5,5,4,5,Employable
Student 598,5,4,5,5,5,4,4,5,Employable
Student 599,5,5,5,5,5,5,4,5,Employable
Student 600,5,4,5,5,4,4,4,3,Employable
Student 601,5,3,4,4,4,4,3,5,LessEmployable
Student 602,4,4,4,4,3,4,4,5,LessEmployable
Student 603,5,4,5,5,5,4,4,4,Employable
Student 604,4,5,4,4,4,5,4,5,Employable
Student 605,4,3,3,3,3,3,3,5,Employable
Student 606,4,4,4,4,5,4,4,5,LessEmployable
Student 607,3,3,3,4,3,3,3,5,Employable
Student 608,4,4,4,3,3,3,3,5,Employable
Student 609,4,4,4,3,4,3,3,4,LessEmployable
Student 610,4,4,4,4,4,4,4,4,Employable
Student 611,3,3,3,4,3,3,3,5,Employable
Student 612,5,5,3,5,3,5,5,5,Employable
Student 613,4,4,4,4,4,4,4,5,Employable
Student 614,4,5,5,5,5,5,5,5,Employable
Student 615,4,4,4,4,4,4,4,4,Employable
Student 616,4,3,3,3,3,3,3,5,Employable
Student 617,3,4,3,4,3,4,3,5,Employable
Student 618,4,4,4,4,4,4,4,5,LessEmployable
Student 619,4,3,3,3,4,3,4,5,LessEmployable
Student 620,4,4,4,4,3,4,3,4,Employable
Student 621,3,4,4,4,3,4,3,5,Employable
Student 622,5,4,4,4,4,4,4,5,Employable
Student 623,4,4,4,3,3,4,4,5,Employable
Student 624,3,4,4,3,4,4,3,5,LessEmployable
Student 625,4,3,2,3,2,2,3,5,Employable
Student 626,4,3,4,3,4,3,3,4,Employable
Student 627,4,4,3,4,3,4,3,5,LessEmployable
Student 628,4,4,4,4,3,3,3,5,Employable
Student 629,5,3,3,4,3,3,3,4,LessEmployable
Student 630,4,3,3,3,3,3,2,5,Employable
Student 631,3,4,4,4,4,4,4,5,Employable
Student 632,4,5,4,5,4,4,4,5,Employable
Student 633,4,4,4,3,4,4,3,5,LessEmployable
Student 634,4,4,4,4,3,4,4,5,Employable
Student 635,5,5,5,5,5,5,4,5,Employable
Student 636,3,3,3,3,3,2,2,4,Employable
Student 637,4,4,4,4,4,4,3,5,LessEmployable
Student 638,4,4,4,4,4,4,4,5,LessEmployable
Student 639,4,3,3,3,3,3,2,5,Employable
Student 640,5,4,4,4,4,4,4,4,Employable
Student 641,3,3,3,3,3,3,3,5,LessEmployable
Student 642,4,3,4,3,3,3,3,5,Employable
Student 643,4,3,4,3,3,3,2,5,Employable
Student 644,2,2,3,3,3,3,3,5,LessEmployable
Student 645,4,4,3,4,3,4,3,4,LessEmployable
Student 646,4,4,4,3,3,4,3,5,Employable
Student 647,4,4,5,4,4,4,4,5,LessEmployable
Student 648,5,4,4,4,4,3,3,5,LessEmployable
Student 649,4,4,4,4,3,4,3,5,LessEmployable
Student 650,4,4,4,4,4,4,4,5,LessEmployable
Student 651,4,5,4,4,4,4,4,5,LessEmployable
Student 652,5,5,4,5,5,5,5,5,Employable
Student 653,4,4,4,4,4,4,4,5,Employable
Student 654,5,4,4,4,4,4,3,4,LessEmployable
Student 655,5,4,4,4,4,4,3,3,LessEmployable
Student 656,5,5,4,4,5,4,5,3,LessEmployable
Student 657,5,4,4,4,4,4,3,5,Employable
Student 658,5,4,4,4,4,4,3,5,Employable
Student 659,5,5,4,4,5,4,4,5,Employable
Student 660,4,3,4,4,4,3,3,4,Employable
Student 661,5,4,3,3,3,4,4,5,LessEmployable
Student 662,5,5,5,5,5,5,5,5,Employable
Student 663,5,4,5,5,5,5,4,5,Employable
Student 664,5,4,5,5,5,5,4,5,Employable
Student 665,5,3,5,4,4,3,3,5,Employable
Student 666,5,4,5,5,5,4,4,4,Employable
Student 667,5,3,5,4,4,4,3,4,LessEmployable
Student 668,5,5,5,5,5,4,3,4,Employable
Student 669,5,5,5,5,5,5,3,5,Employable
Student 670,5,4,4,4,4,4,4,5,LessEmployable
Student 671,4,3,4,4,4,3,3,5,LessEmployable
Student 672,4,4,4,4,4,4,3,5,LessEmployable
Student 673,4,4,5,4,4,4,3,5,LessEmployable
Student 674,5,3,5,4,5,5,3,5,Employable
Student 675,5,3,3,3,3,3,2,5,Employable
Student 676,4,3,4,3,4,3,4,4,Employable
Student 677,4,3,4,4,4,3,3,3,Employable
Student 678,4,3,3,2,3,2,3,4,Employable
Student 679,5,5,5,5,5,5,4,5,LessEmployable
Student 680,4,3,4,3,4,3,4,5,LessEmployable
Student 681,3,3,4,4,4,3,3,4,LessEmployable
Student 682,4,3,4,4,4,3,3,5,Employable
Student 683,4,4,4,4,4,3,3,5,Employable
Student 684,4,4,5,5,4,5,5,5,LessEmployable
Student 685,4,5,5,5,5,4,5,5,Employable
Student 686,4,5,5,5,5,4,5,5,Employable
Student 687,4,4,3,4,4,4,4,5,LessEmployable
Student 688,4,3,4,4,4,3,3,4,LessEmployable
Student 689,4,3,4,4,3,4,4,5,LessEmployable
Student 690,3,3,4,4,4,4,4,5,LessEmployable
Student 691,5,4,4,4,5,4,5,5,LessEmployable
Student 692,3,3,3,3,4,3,3,3,Employable
Student 693,3,3,4,3,4,3,3,3,Employable
Student 694,3,4,3,4,3,4,3,5,Employable
Student 695,4,4,4,3,4,4,3,4,LessEmployable
Student 696,5,4,4,3,3,4,4,4,LessEmployable
Student 697,4,3,2,4,3,4,3,5,LessEmployable
Student 698,5,5,5,4,5,4,5,5,LessEmployable
Student 699,4,2,4,4,3,3,3,5,LessEmployable
Student 700,5,5,5,5,5,5,5,5,LessEmployable
Student 701,4,3,3,4,3,3,3,3,Employable
Student 702,5,4,3,3,3,3,2,3,LessEmployable
Student 703,5,5,5,5,5,4,5,5,Employable
Student 704,4,5,5,5,5,5,5,3,LessEmployable
Student 705,4,5,5,3,3,5,3,5,LessEmployable
Student 706,4,5,3,5,5,5,3,5,Employable
Student 707,3,5,5,3,5,5,3,5,Employable
Student 708,3,3,3,3,3,3,3,5,Employable
Student 709,4,3,4,4,4,3,3,5,Employable
Student 710,4,3,4,2,2,2,2,5,LessEmployable
Student 711,3,2,3,3,3,3,3,5,LessEmployable
Student 712,5,5,4,5,4,5,4,5,LessEmployable
Student 713,3,4,3,4,3,4,3,5,Employable
Student 714,4,3,3,3,3,3,3,5,Employable
Student 715,5,4,4,4,4,4,4,5,Employable
Student 716,4,4,4,4,4,4,4,4,Employable
Student 717,4,4,4,4,3,3,3,5,LessEmployable
Student 718,5,4,5,5,5,5,4,5,LessEmployable
Student 719,3,4,3,3,3,3,3,5,LessEmployable
Student 720,4,3,3,3,3,3,3,5,Employable
Student 721,4,5,4,4,4,4,4,5,LessEmployable
Student 722,5,4,4,4,4,4,4,5,Employable
Student 723,5,5,4,5,4,4,5,4,Employable
Student 724,4,4,4,4,5,5,5,3,Employable
Student 725,4,3,3,4,3,3,3,5,LessEmployable
Student 726,4,5,5,5,4,4,4,5,Employable
Student 727,4,4,4,3,3,4,3,5,Employable
Student 728,4,4,4,3,3,4,3,5,Employable
Student 729,4,5,4,5,5,5,5,5,Employable
Student 730,4,4,4,4,4,4,3,5,Employable
Student 731,4,3,3,3,3,3,2,5,LessEmployable
Student 732,3,3,3,2,3,3,3,5,LessEmployable
Student 733,4,4,3,3,4,4,3,5,Employable
Student 734,4,4,3,3,3,3,3,5,Employable
Student 735,4,4,4,3,3,3,3,3,Employable
Student 736,5,3,3,4,3,3,3,5,Employable
Student 737,4,4,4,4,4,4,4,5,Employable
Student 738,4,4,3,4,3,4,4,5,Employable
Student 739,5,5,5,5,5,5,4,5,LessEmployable
Student 740,3,4,4,4,3,4,4,5,Employable
Student 741,4,3,3,2,3,3,2,5,LessEmployable
Student 742,3,3,3,3,3,2,2,4,LessEmployable
Student 743,4,4,3,4,4,4,3,5,LessEmployable
Student 744,3,3,3,3,3,3,3,4,LessEmployable
Student 745,5,3,3,3,3,3,3,4,LessEmployable
Student 746,4,4,4,4,4,4,4,5,LessEmployable
Student 747,4,4,4,5,5,4,4,5,LessEmployable
Student 748,4,3,3,4,5,4,3,5,LessEmployable
Student 749,5,4,5,4,4,4,4,5,Employable
Student 750,5,4,4,4,4,4,4,3,Employable
Student 751,5,4,5,5,5,5,4,5,Employable
Student 752,4,3,3,3,5,3,3,3,LessEmployable
Student 753,5,5,5,5,5,4,4,4,Employable
Student 754,5,5,4,4,5,5,4,3,Employable
Student 755,4,4,4,4,3,3,3,3,LessEmployable
Student 756,5,5,5,5,5,4,4,3,Employable
Student 757,5,4,4,4,4,5,4,5,Employable
Student 758,5,5,5,5,5,5,4,5,Employable
Student 759,4,3,4,4,3,4,3,5,LessEmployable
Student 760,4,3,4,4,3,3,3,3,LessEmployable
Student 761,5,5,4,5,5,4,4,5,LessEmployable
Student 762,4,4,4,5,5,4,3,5,LessEmployable
Student 763,5,4,5,5,5,5,5,5,Employable
Student 764,5,3,3,4,5,3,3,3,Employable
Student 765,5,5,5,5,4,5,4,5,Employable
Student 766,5,5,4,5,4,5,5,5,Employable
Student 767,4,4,3,3,3,4,4,3,LessEmployable
Student 768,5,5,5,5,5,4,4,5,Employable
Student 769,5,5,5,5,5,4,4,5,Employable
Student 770,5,4,5,5,5,4,4,3,Employable
Student 771,5,4,5,5,5,4,4,5,Employable
Student 772,4,3,4,3,4,3,3,5,LessEmployable
Student 773,5,4,5,5,4,4,4,5,LessEmployable
Student 774,5,3,4,4,3,4,3,5,LessEmployable
Student 775,5,3,3,3,4,3,3,3,LessEmployable
Student 776,5,4,5,5,5,4,4,5,Employable
Student 777,5,5,5,5,5,4,4,3,Employable
Student 778,5,4,5,5,5,4,4,5,Employable
Student 779,5,5,5,5,5,5,4,5,Employable
Student 780,5,4,5,5,5,4,4,5,Employable
Student 781,5,5,5,5,5,5,4,5,Employable
Student 782,5,4,5,5,4,4,4,3,Employable
Student 783,5,3,4,4,4,4,3,5,LessEmployable
Student 784,4,4,4,4,3,4,4,5,LessEmployable
Student 785,5,4,5,5,5,4,4,4,Employable
Student 786,4,5,4,4,4,5,4,5,Employable
Student 787,4,3,3,3,3,3,3,5,Employable
Student 788,4,4,4,4,5,4,4,5,LessEmployable
Student 789,3,3,3,4,3,3,3,5,Employable
Student 790,4,4,4,3,3,3,3,5,Employable
Student 791,4,4,4,3,4,3,3,4,LessEmployable
Student 792,4,4,4,4,4,4,4,4,Employable
Student 793,3,3,3,4,3,3,3,5,Employable
Student 794,5,5,3,5,3,5,5,5,Employable
Student 795,4,4,4,4,4,4,4,5,Employable
Student 796,4,5,5,5,5,5,5,5,Employable
Student 797,4,4,4,4,4,4,4,4,Employable
Student 798,4,3,3,3,3,3,3,5,Employable
Student 799,3,4,3,4,3,4,3,5,Employable
Student 800,4,4,4,4,4,4,4,5,LessEmployable
Student 801,4,3,3,3,4,3,4,5,LessEmployable
Student 802,4,4,4,4,3,4,3,4,Employable
Student 803,3,4,4,4,3,4,3,5,Employable
Student 804,5,4,4,4,4,4,4,5,Employable
Student 805,4,4,4,3,3,4,4,5,Employable
Student 806,3,4,4,3,4,4,3,5,LessEmployable
Student 807,4,3,2,3,2,2,3,5,Employable
Student 808,4,3,4,3,4,3,3,4,Employable
Student 809,4,4,3,4,3,4,3,5,LessEmployable
Student 810,4,4,4,4,3,3,3,5,Employable
Student 811,5,3,3,4,3,3,3,4,LessEmployable
Student 812,4,3,3,3,3,3,2,5,Employable
Student 813,3,4,4,4,4,4,4,5,Employable
Student 814,4,5,4,5,4,4,4,5,Employable
Student 815,4,4,4,3,4,4,3,5,LessEmployable
Student 816,4,4,4,4,3,4,4,5,Employable
Student 817,5,5,5,5,5,5,4,5,Employable
Student 818,3,3,3,3,3,2,2,4,Employable
Student 819,4,4,4,4,4,4,3,5,LessEmployable
Student 820,4,4,4,4,4,4,4,5,LessEmployable
Student 821,4,3,3,3,3,3,2,5,Employable
Student 822,5,4,4,4,4,4,4,4,Employable
Student 823,3,3,3,3,3,3,3,5,LessEmployable
Student 824,4,3,4,3,3,3,3,5,Employable
Student 825,4,3,4,3,3,3,2,5,Employable
Student 826,2,2,3,3,3,3,3,5,LessEmployable
Student 827,4,4,3,4,3,4,3,4,LessEmployable
Student 828,4,4,4,3,3,4,3,5,Employable
Student 829,4,4,5,4,4,4,4,5,LessEmployable
Student 830,5,4,4,4,4,3,3,5,LessEmployable
Student 831,4,4,4,4,3,4,3,5,LessEmployable
Student 832,4,4,4,4,4,4,4,5,LessEmployable
Student 833,4,5,4,4,4,4,4,5,LessEmployable
Student 834,5,5,4,5,5,5,5,5,Employable
Student 835,4,4,4,4,4,4,4,5,Employable
Student 836,5,4,4,4,4,4,3,4,LessEmployable
Student 837,5,4,4,4,4,4,3,3,LessEmployable
Student 838,5,5,4,4,5,4,5,3,LessEmployable
Student 839,5,4,4,4,4,4,3,5,Employable
Student 840,5,4,4,4,4,4,3,5,Employable
Student 841,5,5,4,4,5,4,4,5,Employable
Student 842,4,3,4,4,4,3,3,4,Employable
Student 843,5,4,3,3,3,4,4,5,LessEmployable
Student 844,5,5,5,5,5,5,5,5,Employable
Student 845,5,4,5,5,5,5,4,5,Employable
Student 846,5,4,5,5,5,5,4,5,Employable
Student 847,5,3,5,4,4,3,3,5,Employable
Student 848,5,4,5,5,5,4,4,4,Employable
Student 849,5,3,5,4,4,4,3,4,LessEmployable
Student 850,5,5,5,5,5,4,3,4,Employable
Student 851,5,5,5,5,5,5,3,5,Employable
Student 852,5,4,4,4,4,4,4,5,LessEmployable
Student 853,4,3,4,4,4,3,3,5,LessEmployable
Student 854,4,4,4,4,4,4,3,5,LessEmployable
Student 855,4,4,5,4,4,4,3,5,LessEmployable
Student 856,5,3,5,4,5,5,3,5,Employable
Student 857,5,3,3,3,3,3,2,5,Employable
Student 858,4,3,4,3,4,3,4,4,Employable
Student 859,4,3,4,4,4,3,3,3,Employable
Student 860,4,3,3,2,3,2,3,4,Employable
Student 861,5,5,5,5,5,5,4,5,LessEmployable
Student 862,4,3,4,3,4,3,4,5,LessEmployable
Student 863,3,3,4,4,4,3,3,4,LessEmployable
Student 864,4,3,4,4,4,3,3,5,Employable
Student 865,4,4,4,4,4,3,3,5,Employable
Student 866,4,4,5,5,4,5,5,5,LessEmployable
Student 867,4,5,5,5,5,4,5,5,Employable
Student 868,4,5,5,5,5,4,5,5,Employable
Student 869,4,4,3,4,4,4,4,5,LessEmployable
Student 870,4,3,4,4,4,3,3,4,LessEmployable
Student 871,4,3,4,4,3,4,4,5,LessEmployable
Student 872,3,3,4,4,4,4,4,5,LessEmployable
Student 873,5,4,4,4,5,4,5,5,LessEmployable
Student 874,3,3,3,3,4,3,3,3,Employable
Student 875,3,3,4,3,4,3,3,3,Employable
Student 876,3,4,3,4,3,4,3,5,Employable
Student 877,4,4,4,3,4,4,3,4,LessEmployable
Student 878,5,4,4,3,3,4,4,4,LessEmployable
Student 879,4,3,2,4,3,4,3,5,LessEmployable
Student 880,5,5,5,4,5,4,5,5,LessEmployable
Student 881,4,2,4,4,3,3,3,5,LessEmployable
Student 882,5,5,5,5,5,5,5,5,LessEmployable
Student 883,4,3,3,4,3,3,3,3,Employable
Student 884,5,4,3,3,3,3,2,3,LessEmployable
Student 885,5,5,5,5,5,4,5,5,Employable
Student 886,4,5,5,5,5,5,5,3,LessEmployable
Student 887,4,5,5,3,3,5,3,5,LessEmployable
Student 888,4,5,3,5,5,5,3,5,Employable
Student 889,3,5,5,3,5,5,3,5,Employable
Student 890,3,3,3,3,3,3,3,5,Employable
Student 891,4,3,4,4,4,3,3,5,Employable
Student 892,4,3,4,2,2,2,2,5,LessEmployable
Student 893,3,2,3,3,3,3,3,5,LessEmployable
Student 894,5,5,4,5,4,5,4,5,LessEmployable
Student 895,3,4,3,4,3,4,3,5,Employable
Student 896,4,3,3,3,3,3,3,5,Employable
Student 897,5,4,4,4,4,4,4,5,Employable
Student 898,4,4,4,4,4,4,4,4,Employable
Student 899,4,4,4,4,3,3,3,5,LessEmployable
Student 900,5,4,5,5,5,5,4,5,LessEmployable
Student 901,3,4,3,3,3,3,3,5,LessEmployable
Student 902,4,3,3,3,3,3,3,5,Employable
Student 903,4,5,4,4,4,4,4,5,LessEmployable
Student 904,5,4,4,4,4,4,4,5,Employable
Student 905,5,5,4,5,4,4,5,4,Employable
Student 906,4,4,4,4,5,5,5,3,Employable
Student 907,4,3,3,4,3,3,3,5,LessEmployable
Student 908,4,5,5,5,4,4,4,5,Employable
Student 909,4,4,4,3,3,4,3,5,Employable
Student 910,4,4,4,3,3,4,3,5,Employable
Student 911,4,5,4,5,5,5,5,5,Employable
Student 912,4,4,4,4,4,4,3,5,Employable
Student 913,4,3,3,3,3,3,2,5,LessEmployable
Student 914,3,3,3,2,3,3,3,5,LessEmployable
Student 915,4,4,3,3,4,4,3,5,Employable
Student 916,4,4,3,3,3,3,3,5,Employable
Student 917,4,4,4,3,3,3,3,3,Employable
Student 918,5,3,3,4,3,3,3,5,Employable
Student 919,4,4,4,4,4,4,4,5,Employable
Student 920,4,4,3,4,3,4,4,5,Employable
Student 921,5,5,5,5,5,5,4,5,LessEmployable
Student 922,3,4,4,4,3,4,4,5,Employable
Student 923,4,3,3,2,3,3,2,5,LessEmployable
Student 924,3,3,3,3,3,2,2,4,LessEmployable
Student 925,4,4,3,4,4,4,3,5,LessEmployable
Student 926,3,3,3,3,3,3,3,4,LessEmployable
Student 927,5,3,3,3,3,3,3,4,LessEmployable
Student 928,4,4,4,4,4,4,4,5,LessEmployable
Student 929,4,4,4,5,5,4,4,5,LessEmployable
Student 930,4,3,3,4,5,4,3,5,LessEmployable
Student 931,5,4,5,4,4,4,4,5,Employable
Student 932,5,4,4,4,4,4,4,3,Employable
Student 933,5,4,5,5,5,5,4,5,Employable
Student 934,4,3,3,3,5,3,3,3,LessEmployable
Student 935,5,5,5,5,5,4,4,4,Employable
Student 936,5,5,4,4,5,5,4,3,Employable
Student 937,4,4,4,4,3,3,3,3,LessEmployable
Student 938,5,5,5,5,5,4,4,3,Employable
Student 939,5,4,4,4,4,5,4,5,Employable
Student 940,5,5,5,5,5,5,4,5,Employable
Student 941,4,3,4,4,3,4,3,5,LessEmployable
Student 942,4,3,4,4,3,3,3,3,LessEmployable
Student 943,5,5,4,5,5,4,4,5,LessEmployable
Student 944,4,4,4,5,5,4,3,5,LessEmployable
Student 945,5,4,5,5,5,5,5,5,Employable
Student 946,5,3,3,4,5,3,3,3,Employable
Student 947,5,5,5,5,4,5,4,5,Employable
Student 948,5,5,4,5,4,5,5,5,Employable
Student 949,4,4,3,3,3,4,4,3,LessEmployable
Student 950,5,5,5,5,5,4,4,5,Employable
Student 951,5,5,5,5,5,4,4,5,Employable
Student 952,5,4,5,5,5,4,4,3,Employable
Student 953,5,4,5,5,5,4,4,5,Employable
Student 954,4,3,4,3,4,3,3,5,LessEmployable
Student 955,5,4,5,5,4,4,4,5,LessEmployable
Student 956,5,3,4,4,3,4,3,5,LessEmployable
Student 957,5,3,3,3,4,3,3,3,LessEmployable
Student 958,5,4,5,5,5,4,4,5,Employable
Student 959,5,5,5,5,5,4,4,3,Employable
Student 960,5,4,5,5,5,4,4,5,Employable
Student 961,5,5,5,5,5,5,4,5,Employable
Student 962,5,4,5,5,5,4,4,5,Employable
Student 963,5,5,5,5,5,5,4,5,Employable
Student 964,5,4,5,5,4,4,4,3,Employable
Student 965,5,3,4,4,4,4,3,5,LessEmployable
Student 966,4,4,4,4,3,4,4,5,LessEmployable
Student 967,5,4,5,5,5,4,4,4,Employable
Student 968,4,5,4,4,4,5,4,5,Employable
Student 969,4,3,3,3,3,3,3,5,Employable
Student 970,4,4,4,4,5,4,4,5,LessEmployable
Student 971,3,3,3,4,3,3,3,5,Employable
Student 972,4,4,4,3,3,3,3,5,Employable
Student 973,4,4,4,3,4,3,3,4,LessEmployable
Student 974,4,4,4,4,4,4,4,4,Employable
Student 975,3,3,3,4,3,3,3,5,Employable
Student 976,5,5,3,5,3,5,5,5,Employable
Student 977,4,4,4,4,4,4,4,5,Employable
Student 978,4,5,5,5,5,5,5,5,Employable
Student 979,4,4,4,4,4,4,4,4,Employable
Student 980,4,3,3,3,3,3,3,5,Employable
Student 981,3,4,3,4,3,4,3,5,Employable
Student 982,4,4,4,4,4,4,4,5,LessEmployable
Student 983,4,3,3,3,4,3,4,5,LessEmployable
Student 984,4,4,4,4,3,4,3,4,Employable
Student 985,3,4,4,4,3,4,3,5,Employable
Student 986,5,4,4,4,4,4,4,5,Employable
Student 987,4,4,4,3,3,4,4,5,Employable
Student 988,3,4,4,3,4,4,3,5,LessEmployable
Student 989,4,3,2,3,2,2,3,5,Employable
Student 990,4,3,4,3,4,3,3,4,Employable
Student 991,4,4,3,4,3,4,3,5,LessEmployable
Student 992,4,4,4,4,3,3,3,5,Employable
Student 993,5,3,3,4,3,3,3,4,LessEmployable
Student 994,4,3,3,3,3,3,2,5,Employable
Student 995,3,4,4,4,4,4,4,5,Employable
Student 996,4,5,4,5,4,4,4,5,Employable
Student 997,4,4,4,3,4,4,3,5,LessEmployable
Student 998,4,4,4,4,3,4,4,5,Employable
Student 999,5,5,5,5,5,5,4,5,Employable
Student 1000,3,3,3,3,3,2,2,4,Employable
Student 1001,4,4,4,4,4,4,3,5,LessEmployable
Student 1002,4,4,4,4,4,4,4,5,LessEmployable
Student 1003,4,3,3,3,3,3,2,5,Employable
Student 1004,5,4,4,4,4,4,4,4,Employable
Student 1005,3,3,3,3,3,3,3,5,LessEmployable
Student 1006,4,3,4,3,3,3,3,5,Employable
Student 1007,4,3,4,3,3,3,2,5,Employable
Student 1008,2,2,3,3,3,3,3,5,LessEmployable
Student 1009,4,4,3,4,3,4,3,4,LessEmployable
Student 1010,4,4,4,3,3,4,3,5,Employable
Student 1011,4,4,5,4,4,4,4,5,LessEmployable
Student 1012,5,4,4,4,4,3,3,5,LessEmployable
Student 1013,4,4,4,4,3,4,3,5,LessEmployable
Student 1014,4,4,4,4,4,4,4,5,LessEmployable
Student 1015,4,5,4,4,4,4,4,5,LessEmployable
Student 1016,5,5,4,5,5,5,5,5,Employable
Student 1017,4,4,4,4,4,4,4,5,Employable
Student 1018,5,4,4,4,4,4,3,4,LessEmployable
Student 1019,5,4,4,4,4,4,3,3,LessEmployable
Student 1020,5,5,4,4,5,4,5,3,LessEmployable
Student 1021,5,4,4,4,4,4,3,5,Employable
Student 1022,5,4,4,4,4,4,3,5,Employable
Student 1023,5,5,4,4,5,4,4,5,Employable
Student 1024,4,3,4,4,4,3,3,4,Employable
Student 1025,5,4,3,3,3,4,4,5,LessEmployable
Student 1026,5,5,5,5,5,5,5,5,Employable
Student 1027,5,4,5,5,5,5,4,5,Employable
Student 1028,5,4,5,5,5,5,4,5,Employable
Student 1029,5,3,5,4,4,3,3,5,Employable
Student 1030,5,4,5,5,5,4,4,4,Employable
Student 1031,5,3,5,4,4,4,3,4,LessEmployable
Student 1032,5,5,5,5,5,4,3,4,Employable
Student 1033,5,5,5,5,5,5,3,5,Employable
Student 1034,5,4,4,4,4,4,4,5,LessEmployable
Student 1035,4,3,4,4,4,3,3,5,LessEmployable
Student 1036,4,4,4,4,4,4,3,5,LessEmployable
Student 1037,4,4,5,4,4,4,3,5,LessEmployable
Student 1038,5,3,5,4,5,5,3,5,Employable
Student 1039,5,3,3,3,3,3,2,5,Employable
Student 1040,4,3,4,3,4,3,4,4,Employable
Student 1041,4,3,4,4,4,3,3,3,Employable
Student 1042,4,3,3,2,3,2,3,4,Employable
Student 1043,5,5,5,5,5,5,4,5,LessEmployable
Student 1044,4,3,4,3,4,3,4,5,LessEmployable
Student 1045,3,3,4,4,4,3,3,4,LessEmployable
Student 1046,4,3,4,4,4,3,3,5,Employable
Student 1047,4,4,4,4,4,3,3,5,Employable
Student 1048,4,4,5,5,4,5,5,5,LessEmployable
Student 1049,4,5,5,5,5,4,5,5,Employable
Student 1050,4,5,5,5,5,4,5,5,Employable
Student 1051,4,4,3,4,4,4,4,5,LessEmployable
Student 1052,4,3,4,4,4,3,3,4,LessEmployable
Student 1053,4,3,4,4,3,4,4,5,LessEmployable
Student 1054,3,3,4,4,4,4,4,5,LessEmployable
Student 1055,5,4,4,4,5,4,5,5,LessEmployable
Student 1056,3,3,3,3,4,3,3,3,Employable
Student 1057,3,3,4,3,4,3,3,3,Employable
Student 1058,3,4,3,4,3,4,3,5,Employable
Student 1059,4,4,4,3,4,4,3,4,LessEmployable
Student 1060,5,4,4,3,3,4,4,4,LessEmployable
Student 1061,4,3,2,4,3,4,3,5,LessEmployable
Student 1062,5,5,5,4,5,4,5,5,LessEmployable
Student 1063,4,2,4,4,3,3,3,5,LessEmployable
Student 1064,5,5,5,5,5,5,5,5,LessEmployable
Student 1065,4,3,3,4,3,3,3,3,Employable
Student 1066,5,4,3,3,3,3,2,3,LessEmployable
Student 1067,5,5,5,5,5,4,5,5,Employable
Student 1068,4,5,5,5,5,5,5,3,LessEmployable
Student 1069,4,5,5,3,3,5,3,5,LessEmployable
Student 1070,4,5,3,5,5,5,3,5,Employable
Student 1071,3,5,5,3,5,5,3,5,Employable
Student 1072,3,3,3,3,3,3,3,5,Employable
Student 1073,4,3,4,4,4,3,3,5,Employable
Student 1074,4,3,4,2,2,2,2,5,LessEmployable
Student 1075,3,2,3,3,3,3,3,5,LessEmployable
Student 1076,5,5,4,5,4,5,4,5,LessEmployable
Student 1077,3,4,3,4,3,4,3,5,Employable
Student 1078,4,3,3,3,3,3,3,5,Employable
Student 1079,5,4,4,4,4,4,4,5,Employable
Student 1080,4,4,4,4,4,4,4,4,Employable
Student 1081,4,4,4,4,3,3,3,5,LessEmployable
Student 1082,5,4,5,5,5,5,4,5,LessEmployable
Student 1083,3,4,3,3,3,3,3,5,LessEmployable
Student 1084,4,3,3,3,3,3,3,5,Employable
Student 1085,4,5,4,4,4,4,4,5,LessEmployable
Student 1086,5,4,4,4,4,4,4,5,Employable
Student 1087,5,5,4,5,4,4,5,4,Employable
Student 1088,4,4,4,4,5,5,5,3,Employable
Student 1089,4,3,3,4,3,3,3,5,LessEmployable
Student 1090,4,5,5,5,4,4,4,5,Employable
Student 1091,4,4,4,3,3,4,3,5,Employable
Student 1092,4,4,4,3,3,4,3,5,Employable
Student 1093,4,5,4,5,5,5,5,5,Employable
Student 1094,4,4,4,4,4,4,3,5,Employable
Student 1095,4,3,3,3,3,3,2,5,LessEmployable
Student 1096,3,3,3,2,3,3,3,5,LessEmployable
Student 1097,4,4,3,3,4,4,3,5,Employable
Student 1098,4,4,3,3,3,3,3,5,Employable
Student 1099,4,4,4,3,3,3,3,3,Employable
Student 1100,5,3,3,4,3,3,3,5,Employable
Student 1101,4,4,4,4,4,4,4,5,Employable
Student 1102,4,4,3,4,3,4,4,5,Employable
Student 1103,5,5,5,5,5,5,4,5,LessEmployable
Student 1104,3,4,4,4,3,4,4,5,Employable
Student 1105,4,3,3,2,3,3,2,5,LessEmployable
Student 1106,3,3,3,3,3,2,2,4,LessEmployable
Student 1107,4,4,3,4,4,4,3,5,LessEmployable
Student 1108,3,3,3,3,3,3,3,4,LessEmployable
Student 1109,5,3,3,3,3,3,3,4,LessEmployable
Student 1110,4,4,4,4,4,4,4,5,LessEmployable
Student 1111,4,4,4,5,5,4,4,5,LessEmployable
Student 1112,4,3,3,4,5,4,3,5,LessEmployable
Student 1113,5,4,5,4,4,4,4,5,Employable
Student 1114,5,4,4,4,4,4,4,3,Employable
Student 1115,5,4,5,5,5,5,4,5,Employable
Student 1116,4,3,3,3,5,3,3,3,LessEmployable
Student 1117,5,5,5,5,5,4,4,4,Employable
Student 1118,5,5,4,4,5,5,4,3,Employable
Student 1119,4,4,4,4,3,3,3,3,LessEmployable
Student 1120,5,5,5,5,5,4,4,3,Employable
Student 1121,5,4,4,4,4,5,4,5,Employable
Student 1122,5,5,5,5,5,5,4,5,Employable
Student 1123,4,3,4,4,3,4,3,5,LessEmployable
Student 1124,4,3,4,4,3,3,3,3,LessEmployable
Student 1125,5,5,4,5,5,4,4,5,LessEmployable
Student 1126,4,4,4,5,5,4,3,5,LessEmployable
Student 1127,5,4,5,5,5,5,5,5,Employable
Student 1128,5,3,3,4,5,3,3,3,Employable
Student 1129,5,5,5,5,4,5,4,5,Employable
Student 1130,5,5,4,5,4,5,5,5,Employable
Student 1131,4,4,3,3,3,4,4,3,LessEmployable
Student 1132,5,5,5,5,5,4,4,5,Employable
Student 1133,5,5,5,5,5,4,4,5,Employable
Student 1134,5,4,5,5,5,4,4,3,Employable
Student 1135,5,4,5,5,5,4,4,5,Employable
Student 1136,4,3,4,3,4,3,3,5,LessEmployable
Student 1137,5,4,5,5,4,4,4,5,LessEmployable
Student 1138,5,3,4,4,3,4,3,5,LessEmployable
Student 1139,5,3,3,3,4,3,3,3,LessEmployable
Student 1140,5,4,5,5,5,4,4,5,Employable
Student 1141,5,5,5,5,5,4,4,3,Employable
Student 1142,5,4,5,5,5,4,4,5,Employable
Student 1143,5,5,5,5,5,5,4,5,Employable
Student 1144,5,4,5,5,5,4,4,5,Employable
Student 1145,5,5,5,5,5,5,4,5,Employable
Student 1146,5,4,5,5,4,4,4,3,Employable
Student 1147,5,3,4,4,4,4,3,5,LessEmployable
Student 1148,4,4,4,4,3,4,4,5,LessEmployable
Student 1149,5,4,5,5,5,4,4,4,Employable
Student 1150,4,5,4,4,4,5,4,5,Employable
Student 1151,4,3,3,3,3,3,3,5,Employable
Student 1152,4,4,4,4,5,4,4,5,LessEmployable
Student 1153,3,3,3,4,3,3,3,5,Employable
Student 1154,4,4,4,3,3,3,3,5,Employable
Student 1155,4,4,4,3,4,3,3,4,LessEmployable
Student 1156,4,4,4,4,4,4,4,4,Employable
Student 1157,3,3,3,4,3,3,3,5,Employable
Student 1158,5,5,3,5,3,5,5,5,Employable
Student 1159,4,4,4,4,4,4,4,5,Employable
Student 1160,4,5,5,5,5,5,5,5,Employable
Student 1161,4,4,4,4,4,4,4,4,Employable
Student 1162,4,3,3,3,3,3,3,5,Employable
Student 1163,3,4,3,4,3,4,3,5,Employable
Student 1164,4,4,4,4,4,4,4,5,LessEmployable
Student 1165,4,3,3,3,4,3,4,5,LessEmployable
Student 1166,4,4,4,4,3,4,3,4,Employable
Student 1167,3,4,4,4,3,4,3,5,Employable
Student 1168,5,4,4,4,4,4,4,5,Employable
Student 1169,4,4,4,3,3,4,4,5,Employable
Student 1170,3,4,4,3,4,4,3,5,LessEmployable
Student 1171,4,3,2,3,2,2,3,5,Employable
Student 1172,4,3,4,3,4,3,3,4,Employable
Student 1173,4,4,3,4,3,4,3,5,LessEmployable
Student 1174,4,4,4,4,3,3,3,5,Employable
Student 1175,5,3,3,4,3,3,3,4,LessEmployable
Student 1176,4,3,3,3,3,3,2,5,Employable
Student 1177,3,4,4,4,4,4,4,5,Employable
Student 1178,4,5,4,5,4,4,4,5,Employable
Student 1179,4,4,4,3,4,4,3,5,LessEmployable
Student 1180,4,4,4,4,3,4,4,5,Employable
Student 1181,5,5,5,5,5,5,4,5,Employable
Student 1182,3,3,3,3,3,2,2,4,Employable
Student 1183,4,4,4,4,4,4,3,5,LessEmployable
Student 1184,4,4,4,4,4,4,4,5,LessEmployable
Student 1185,4,3,3,3,3,3,2,5,Employable
Student 1186,5,4,4,4,4,4,4,4,Employable
Student 1187,3,3,3,3,3,3,3,5,LessEmployable
Student 1188,4,3,4,3,3,3,3,5,Employable
Student 1189,4,3,4,3,3,3,2,5,Employable
Student 1190,2,2,3,3,3,3,3,5,LessEmployable
Student 1191,4,4,3,4,3,4,3,4,LessEmployable
Student 1192,4,4,4,3,3,4,3,5,Employable
Student 1193,4,4,5,4,4,4,4,5,LessEmployable
Student 1194,5,4,4,4,4,3,3,5,LessEmployable
Student 1195,4,4,4,4,3,4,3,5,LessEmployable
Student 1196,4,4,4,4,4,4,4,5,LessEmployable
Student 1197,4,5,4,4,4,4,4,5,LessEmployable
Student 1198,5,5,4,5,5,5,5,5,Employable
Student 1199,4,4,4,4,4,4,4,5,Employable
Student 1200,5,4,4,4,4,4,3,4,LessEmployable
Student 1201,5,4,4,4,4,4,3,3,LessEmployable
Student 1202,5,5,4,4,5,4,5,3,LessEmployable
Student 1203,5,4,4,4,4,4,3,5,Employable
Student 1204,5,4,4,4,4,4,3,5,Employable
Student 1205,5,5,4,4,5,4,4,5,Employable
Student 1206,4,3,4,4,4,3,3,4,Employable
Student 1207,5,4,3,3,3,4,4,5,LessEmployable
Student 1208,5,5,5,5,5,5,5,5,Employable
Student 1209,5,4,5,5,5,5,4,5,Employable
Student 1210,5,4,5,5,5,5,4,5,Employable
Student 1211,5,3,5,4,4,3,3,5,Employable
Student 1212,5,4,5,5,5,4,4,4,Employable
Student 1213,5,3,5,4,4,4,3,4,LessEmployable
Student 1214,5,5,5,5,5,4,3,4,Employable
Student 1215,5,5,5,5,5,5,3,5,Employable
Student 1216,5,4,4,4,4,4,4,5,LessEmployable
Student 1217,4,3,4,4,4,3,3,5,LessEmployable
Student 1218,4,4,4,4,4,4,3,5,LessEmployable
Student 1219,4,4,5,4,4,4,3,5,LessEmployable
Student 1220,5,3,5,4,5,5,3,5,Employable
Student 1221,5,3,3,3,3,3,2,5,Employable
Student 1222,4,3,4,3,4,3,4,4,Employable
Student 1223,4,3,4,4,4,3,3,3,Employable
Student 1224,4,3,3,2,3,2,3,4,Employable
Student 1225,5,5,5,5,5,5,4,5,LessEmployable
Student 1226,4,3,4,3,4,3,4,5,LessEmployable
Student 1227,3,3,4,4,4,3,3,4,LessEmployable
Student 1228,4,3,4,4,4,3,3,5,Employable
Student 1229,4,4,4,4,4,3,3,5,Employable
Student 1230,4,4,5,5,4,5,5,5,LessEmployable
Student 1231,4,5,5,5,5,4,5,5,Employable
Student 1232,4,5,5,5,5,4,5,5,Employable
Student 1233,4,4,3,4,4,4,4,5,LessEmployable
Student 1234,4,3,4,4,4,3,3,4,LessEmployable
Student 1235,4,3,4,4,3,4,4,5,LessEmployable
Student 1236,3,3,4,4,4,4,4,5,LessEmployable
Student 1237,5,4,4,4,5,4,5,5,LessEmployable
Student 1238,3,3,3,3,4,3,3,3,Employable
Student 1239,3,3,4,3,4,3,3,3,Employable
Student 1240,3,4,3,4,3,4,3,5,Employable
Student 1241,4,4,4,3,4,4,3,4,LessEmployable
Student 1242,5,4,4,3,3,4,4,4,LessEmployable
Student 1243,4,3,2,4,3,4,3,5,LessEmployable
Student 1244,5,5,5,4,5,4,5,5,LessEmployable
Student 1245,4,2,4,4,3,3,3,5,LessEmployable
Student 1246,5,5,5,5,5,5,5,5,LessEmployable
Student 1247,4,3,3,4,3,3,3,3,Employable
Student 1248,5,4,3,3,3,3,2,3,LessEmployable
Student 1249,5,5,5,5,5,4,5,5,Employable
Student 1250,4,5,5,5,5,5,5,3,LessEmployable
Student 1251,4,5,5,3,3,5,3,5,LessEmployable
Student 1252,4,5,3,5,5,5,3,5,Employable
Student 1253,3,5,5,3,5,5,3,5,Employable
Student 1254,3,3,3,3,3,3,3,5,Employable
Student 1255,4,3,4,4,4,3,3,5,Employable
Student 1256,4,3,4,2,2,2,2,5,LessEmployable
Student 1257,3,2,3,3,3,3,3,5,LessEmployable
Student 1258,5,5,4,5,4,5,4,5,LessEmployable
Student 1259,3,4,3,4,3,4,3,5,Employable
Student 1260,4,3,3,3,3,3,3,5,Employable
Student 1261,5,4,4,4,4,4,4,5,Employable
Student 1262,4,4,4,4,4,4,4,4,Employable
Student 1263,4,4,4,4,3,3,3,5,LessEmployable
Student 1264,5,4,5,5,5,5,4,5,LessEmployable
Student 1265,3,4,3,3,3,3,3,5,LessEmployable
Student 1266,4,3,3,3,3,3,3,5,Employable
Student 1267,4,5,4,4,4,4,4,5,LessEmployable
Student 1268,5,4,4,4,4,4,4,5,Employable
Student 1269,5,5,4,5,4,4,5,4,Employable
Student 1270,4,4,4,4,5,5,5,3,Employable
Student 1271,4,3,3,4,3,3,3,5,LessEmployable
Student 1272,4,5,5,5,4,4,4,5,Employable
Student 1273,4,4,4,3,3,4,3,5,Employable
Student 1274,4,4,4,3,3,4,3,5,Employable
Student 1275,4,5,4,5,5,5,5,5,Employable
Student 1276,4,4,4,4,4,4,3,5,Employable
Student 1277,4,3,3,3,3,3,2,5,LessEmployable
Student 1278,3,3,3,2,3,3,3,5,LessEmployable
Student 1279,4,4,3,3,4,4,3,5,Employable
Student 1280,4,4,3,3,3,3,3,5,Employable
Student 1281,4,4,4,3,3,3,3,3,Employable
Student 1282,5,3,3,4,3,3,3,5,Employable
Student 1283,4,4,4,4,4,4,4,5,Employable
Student 1284,4,4,3,4,3,4,4,5,Employable
Student 1285,5,5,5,5,5,5,4,5,LessEmployable
Student 1286,3,4,4,4,3,4,4,5,Employable
Student 1287,4,3,3,2,3,3,2,5,LessEmployable
Student 1288,3,3,3,3,3,2,2,4,LessEmployable
Student 1289,4,4,3,4,4,4,3,5,LessEmployable
Student 1290,3,3,3,3,3,3,3,4,LessEmployable
Student 1291,5,3,3,3,3,3,3,4,LessEmployable
Student 1292,4,4,4,4,4,4,4,5,LessEmployable
Student 1293,4,4,4,5,5,4,4,5,LessEmployable
Student 1294,4,3,3,4,5,4,3,5,LessEmployable
Student 1295,5,4,5,4,4,4,4,5,Employable
Student 1296,5,4,4,4,4,4,4,3,Employable
Student 1297,5,4,5,5,5,5,4,5,Employable
Student 1298,4,3,3,3,5,3,3,3,LessEmployable
Student 1299,5,5,5,5,5,4,4,4,Employable
Student 1300,5,5,4,4,5,5,4,3,Employable
Student 1301,4,4,4,4,3,3,3,3,LessEmployable
Student 1302,5,5,5,5,5,4,4,3,Employable
Student 1303,5,4,4,4,4,5,4,5,Employable
Student 1304,5,5,5,5,5,5,4,5,Employable
Student 1305,4,3,4,4,3,4,3,5,LessEmployable
Student 1306,4,3,4,4,3,3,3,3,LessEmployable
Student 1307,5,5,4,5,5,4,4,5,LessEmployable
Student 1308,4,4,4,5,5,4,3,5,LessEmployable
Student 1309,5,4,5,5,5,5,5,5,Employable
Student 1310,5,3,3,4,5,3,3,3,Employable
Student 1311,5,5,5,5,4,5,4,5,Employable
Student 1312,5,5,4,5,4,5,5,5,Employable
Student 1313,4,4,3,3,3,4,4,3,LessEmployable
Student 1314,5,5,5,5,5,4,4,5,Employable
Student 1315,5,5,5,5,5,4,4,5,Employable
Student 1316,5,4,5,5,5,4,4,3,Employable
Student 1317,5,4,5,5,5,4,4,5,Employable
Student 1318,4,3,4,3,4,3,3,5,LessEmployable
Student 1319,5,4,5,5,4,4,4,5,LessEmployable
Student 1320,5,3,4,4,3,4,3,5,LessEmployable
Student 1321,5,3,3,3,4,3,3,3,LessEmployable
Student 1322,5,4,5,5,5,4,4,5,Employable
Student 1323,5,5,5,5,5,4,4,3,Employable
Student 1324,5,4,5,5,5,4,4,5,Employable
Student 1325,5,5,5,5,5,5,4,5,Employable
Student 1326,5,4,5,5,5,4,4,5,Employable
Student 1327,5,5,5,5,5,5,4,5,Employable
Student 1328,5,4,5,5,4,4,4,3,Employable
Student 1329,5,3,4,4,4,4,3,5,LessEmployable
Student 1330,4,4,4,4,3,4,4,5,LessEmployable
Student 1331,5,4,5,5,5,4,4,4,Employable
Student 1332,4,5,4,4,4,5,4,5,Employable
Student 1333,4,3,3,3,3,3,3,5,Employable
Student 1334,4,4,4,4,5,4,4,5,LessEmployable
Student 1335,3,3,3,4,3,3,3,5,Employable
Student 1336,4,4,4,3,3,3,3,5,Employable
Student 1337,4,4,4,3,4,3,3,4,LessEmployable
Student 1338,4,4,4,4,4,4,4,4,Employable
Student 1339,3,3,3,4,3,3,3,5,Employable
Student 1340,5,5,3,5,3,5,5,5,Employable
Student 1341,4,4,4,4,4,4,4,5,Employable
Student 1342,4,5,5,5,5,5,5,5,Employable
Student 1343,4,4,4,4,4,4,4,4,Employable
Student 1344,4,3,3,3,3,3,3,5,Employable
Student 1345,3,4,3,4,3,4,3,5,Employable
Student 1346,4,4,4,4,4,4,4,5,LessEmployable
Student 1347,4,3,3,3,4,3,4,5,LessEmployable
Student 1348,4,4,4,4,3,4,3,4,Employable
Student 1349,3,4,4,4,3,4,3,5,Employable
Student 1350,5,4,4,4,4,4,4,5,Employable
Student 1351,4,4,4,3,3,4,4,5,Employable
Student 1352,3,4,4,3,4,4,3,5,LessEmployable
Student 1353,4,3,2,3,2,2,3,5,Employable
Student 1354,4,3,4,3,4,3,3,4,Employable
Student 1355,4,4,3,4,3,4,3,5,LessEmployable
Student 1356,4,4,4,4,3,3,3,5,Employable
Student 1357,5,3,3,4,3,3,3,4,LessEmployable
Student 1358,4,3,3,3,3,3,2,5,Employable
Student 1359,3,4,4,4,4,4,4,5,Employable
Student 1360,4,5,4,5,4,4,4,5,Employable
Student 1361,4,4,4,3,4,4,3,5,LessEmployable
Student 1362,4,4,4,4,3,4,4,5,Employable
Student 1363,5,5,5,5,5,5,4,5,Employable
Student 1364,3,3,3,3,3,2,2,4,Employable
Student 1365,4,4,4,4,4,4,3,5,LessEmployable
Student 1366,4,4,4,4,4,4,4,5,LessEmployable
Student 1367,4,3,3,3,3,3,2,5,Employable
Student 1368,5,4,4,4,4,4,4,4,Employable
Student 1369,3,3,3,3,3,3,3,5,LessEmployable
Student 1370,4,3,4,3,3,3,3,5,Employable
Student 1371,4,3,4,3,3,3,2,5,Employable
Student 1372,2,2,3,3,3,3,3,5,LessEmployable
Student 1373,4,4,3,4,3,4,3,4,LessEmployable
Student 1374,4,4,4,3,3,4,3,5,Employable
Student 1375,4,4,5,4,4,4,4,5,LessEmployable
Student 1376,5,4,4,4,4,3,3,5,LessEmployable
Student 1377,4,4,4,4,3,4,3,5,LessEmployable
Student 1378,4,4,4,4,4,4,4,5,LessEmployable
Student 1379,4,5,4,4,4,4,4,5,LessEmployable
Student 1380,5,5,4,5,5,5,5,5,Employable
Student 1381,4,4,4,4,4,4,4,5,Employable
Student 1382,5,4,4,4,4,4,3,4,LessEmployable
Student 1383,5,4,4,4,4,4,3,3,LessEmployable
Student 1384,5,5,4,4,5,4,5,3,LessEmployable
Student 1385,5,4,4,4,4,4,3,5,Employable
Student 1386,5,4,4,4,4,4,3,5,Employable
Student 1387,5,5,4,4,5,4,4,5,Employable
Student 1388,4,3,4,4,4,3,3,4,Employable
Student 1389,5,4,3,3,3,4,4,5,LessEmployable
Student 1390,5,5,5,5,5,5,5,5,Employable
Student 1391,5,4,5,5,5,5,4,5,Employable
Student 1392,5,4,5,5,5,5,4,5,Employable
Student 1393,5,3,5,4,4,3,3,5,Employable
Student 1394,5,4,5,5,5,4,4,4,Employable
Student 1395,5,3,5,4,4,4,3,4,LessEmployable
Student 1396,5,5,5,5,5,4,3,4,Employable
Student 1397,5,5,5,5,5,5,3,5,Employable
Student 1398,5,4,4,4,4,4,4,5,LessEmployable
Student 1399,4,3,4,4,4,3,3,5,LessEmployable
Student 1400,4,4,4,4,4,4,3,5,LessEmployable
Student 1401,4,4,5,4,4,4,3,5,LessEmployable
Student 1402,5,3,5,4,5,5,3,5,Employable
Student 1403,5,3,3,3,3,3,2,5,Employable
Student 1404,4,3,4,3,4,3,4,4,Employable
Student 1405,4,3,4,4,4,3,3,3,Employable
Student 1406,4,3,3,2,3,2,3,4,Employable
Student 1407,5,5,5,5,5,5,4,5,LessEmployable
Student 1408,4,3,4,3,4,3,4,5,LessEmployable
Student 1409,3,3,4,4,4,3,3,4,LessEmployable
Student 1410,4,3,4,4,4,3,3,5,Employable
Student 1411,4,4,4,4,4,3,3,5,Employable
Student 1412,4,4,5,5,4,5,5,5,LessEmployable
Student 1413,4,5,5,5,5,4,5,5,Employable
Student 1414,4,5,5,5,5,4,5,5,Employable
Student 1415,4,4,3,4,4,4,4,5,LessEmployable
Student 1416,4,3,4,4,4,3,3,4,LessEmployable
Student 1417,4,3,4,4,3,4,4,5,LessEmployable
Student 1418,3,3,4,4,4,4,4,5,LessEmployable
Student 1419,5,4,4,4,5,4,5,5,LessEmployable
Student 1420,3,3,3,3,4,3,3,3,Employable
Student 1421,3,3,4,3,4,3,3,3,Employable
Student 1422,3,4,3,4,3,4,3,5,Employable
Student 1423,4,4,4,3,4,4,3,4,LessEmployable
Student 1424,5,4,4,3,3,4,4,4,LessEmployable
Student 1425,4,3,2,4,3,4,3,5,LessEmployable
Student 1426,5,5,5,4,5,4,5,5,LessEmployable
Student 1427,4,2,4,4,3,3,3,5,LessEmployable
Student 1428,5,5,5,5,5,5,5,5,LessEmployable
Student 1429,4,3,3,4,3,3,3,3,Employable
Student 1430,5,4,3,3,3,3,2,3,LessEmployable
Student 1431,5,5,5,5,5,4,5,5,Employable
Student 1432,4,5,5,5,5,5,5,3,LessEmployable
Student 1433,4,5,5,3,3,5,3,5,LessEmployable
Student 1434,4,5,3,5,5,5,3,5,Employable
Student 1435,3,5,5,3,5,5,3,5,Employable
Student 1436,3,3,3,3,3,3,3,5,Employable
Student 1437,4,3,4,4,4,3,3,5,Employable
Student 1438,4,3,4,2,2,2,2,5,LessEmployable
Student 1439,3,2,3,3,3,3,3,5,LessEmployable
Student 1440,5,5,4,5,4,5,4,5,LessEmployable
Student 1441,3,4,3,4,3,4,3,5,Employable
Student 1442,4,3,3,3,3,3,3,5,Employable
Student 1443,5,4,4,4,4,4,4,5,Employable
Student 1444,4,4,4,4,4,4,4,4,Employable
Student 1445,4,4,4,4,3,3,3,5,LessEmployable
Student 1446,5,4,5,5,5,5,4,5,LessEmployable
Student 1447,3,4,3,3,3,3,3,5,LessEmployable
Student 1448,4,3,3,3,3,3,3,5,Employable
Student 1449,4,5,4,4,4,4,4,5,LessEmployable
Student 1450,5,4,4,4,4,4,4,5,Employable
Student 1451,5,5,4,5,4,4,5,4,Employable
Student 1452,4,4,4,4,5,5,5,3,Employable
Student 1453,4,3,3,4,3,3,3,5,LessEmployable
Student 1454,4,5,5,5,4,4,4,5,Employable
Student 1455,4,4,4,3,3,4,3,5,Employable
Student 1456,4,4,4,3,3,4,3,5,Employable
Student 1457,4,5,4,5,5,5,5,5,Employable
Student 1458,4,4,4,4,4,4,3,5,Employable
Student 1459,4,3,3,3,3,3,2,5,LessEmployable
Student 1460,3,3,3,2,3,3,3,5,LessEmployable
Student 1461,4,4,3,3,4,4,3,5,Employable
Student 1462,4,4,3,3,3,3,3,5,Employable
Student 1463,4,4,4,3,3,3,3,3,Employable
Student 1464,5,3,3,4,3,3,3,5,Employable
Student 1465,4,4,4,4,4,4,4,5,Employable
Student 1466,4,4,3,4,3,4,4,5,Employable
Student 1467,5,5,5,5,5,5,4,5,LessEmployable
Student 1468,3,4,4,4,3,4,4,5,Employable
Student 1469,4,3,3,2,3,3,2,5,LessEmployable
Student 1470,3,3,3,3,3,2,2,4,LessEmployable
Student 1471,4,4,3,4,4,4,3,5,LessEmployable
Student 1472,3,3,3,3,3,3,3,4,LessEmployable
Student 1473,5,3,3,3,3,3,3,4,LessEmployable
Student 1474,4,4,4,4,4,4,4,5,LessEmployable
Student 1475,4,4,4,5,5,4,4,5,LessEmployable
Student 1476,4,3,3,4,5,4,3,5,LessEmployable
Student 1477,5,4,5,4,4,4,4,5,Employable
Student 1478,5,4,4,4,4,4,4,3,Employable
Student 1479,5,4,5,5,5,5,4,5,Employable
Student 1480,4,3,3,3,5,3,3,3,LessEmployable
Student 1481,5,5,5,5,5,4,4,4,Employable
Student 1482,5,5,4,4,5,5,4,3,Employable
Student 1483,4,4,4,4,3,3,3,3,LessEmployable
Student 1484,5,5,5,5,5,4,4,3,Employable
Student 1485,5,4,4,4,4,5,4,5,Employable
Student 1486,5,5,5,5,5,5,4,5,Employable
Student 1487,4,3,4,4,3,4,3,5,LessEmployable
Student 1488,4,3,4,4,3,3,3,3,LessEmployable
Student 1489,5,5,4,5,5,4,4,5,LessEmployable
Student 1490,4,4,4,5,5,4,3,5,LessEmployable
